technique,total_shows,successful,avg_rating,success_rate
Traditional,704,248,7.0163352272727275,35.22727272727273
Stop Motion,40,13,7.0424999999999995,32.5
Flash,301,90,6.686378737541528,29.900332225913623
CGI,239,57,6.52928870292887,23.84937238493724
